INSERT INTO MOH.ECAPTURE_USER(USER_ID, USER_USERID, USER_PASSWORD, USER_EMAIL) VALUES ('1', 'it1', 'it1', 'it1@etech-systems.com' );INSERT INTO MOH.ECAPTURE_USER(USER_ID, USER_USERID, USER_PASSWORD, USER_EMAIL) VALUES ('2', 'it2', 'it2', 'it2@etech-systems.com' );INSERT INTO MOH.ECAPTURE_USER(USER_ID, USER_USERID, USER_PASSWORD, USER_EMAIL) VALUES ('3', 'it3', 'it3', 'it3@etech-systems.com' );INSERT INTO MOH.ECAPTURE_USER(USER_ID, USER_USERID, USER_PASSWORD, USER_EMAIL) VALUES ('4', 'hr1', 'hr1', 'hr1@etech-systems.com' );INSERT INTO MOH.ECAPTURE_USER(USER_ID, USER_USERID, USER_PASSWORD, USER_EMAIL) VALUES ('5', 'hr2', 'hr2', 'hr2@etech-systems.com' );INSERT INTO MOH.ECAPTURE_USER(USER_ID, USER_USERID, USER_PASSWORD, USER_EMAIL) VALUES ('6', 'fnc1', 'fnc1', 'fnc1@etech-systems.com' );INSERT INTO MOH.ECAPTURE_USER(USER_ID, USER_USERID, USER_PASSWORD, USER_EMAIL) VALUES ('7', 'fnc2', 'fnc2', 'fnc2@etech-systems.com' );INSERT INTO MOH.ECAPTURE_USER(USER_ID, USER_USERID, USER_PASSWORD, USER_EMAIL) VALUES ('8', 'super', 'super', 'super@etech-systems.com' );INSERT INTO MOH.ECAPTURE_USER(USER_ID, USER_USERID, USER_PASSWORD, USER_EMAIL) VALUES ('9', 'admin', 'admin', 'admin@etech-systems.com' );INSERT INTO MOH.ECAPTURE_GROUP(GROUP_ID, GROUP_NAME, GROUP_PARENT_ID) VALUES ( '1', 'IT Department', '' );INSERT INTO MOH.ECAPTURE_GROUP(GROUP_ID, GROUP_NAME, GROUP_PARENT_ID) VALUES ( '4', 'Management Unit', '' );INSERT INTO MOH.ECAPTURE_GROUP(GROUP_ID, GROUP_NAME, GROUP_PARENT_ID) VALUES ( '2', 'HR Department', '4' );INSERT INTO MOH.ECAPTURE_GROUP(GROUP_ID, GROUP_NAME, GROUP_PARENT_ID) VALUES ( '3', 'Finance Department', '4' );INSERT INTO MOH.ECAPTURE_GROUP_USER(GROUP_ID, USER_ID) VALUES ('1', '1' );INSERT INTO MOH.ECAPTURE_GROUP_USER(GROUP_ID, USER_ID) VALUES ('1', '2' );INSERT INTO MOH.ECAPTURE_GROUP_USER(GROUP_ID, USER_ID) VALUES ('1', '3' );INSERT INTO MOH.ECAPTURE_GROUP_USER(GROUP_ID, USER_ID) VALUES ('2', '4' );INSERT INTO MOH.ECAPTURE_GROUP_USER(GROUP_ID, USER_ID) VALUES ('2', '5' );INSERT INTO MOH.ECAPTURE_GROUP_USER(GROUP_ID, USER_ID) VALUES ('3', '6' );INSERT INTO MOH.ECAPTURE_GROUP_USER(GROUP_ID, USER_ID) VALUES ('3', '7' );INSERT INTO MOH.ECAPTURE_GROUP_USER(GROUP_ID, USER_ID) VALUES ('4', '8' );

INSERT INTO MOH.ECAPTURE_AUTHORITY(AUTHORITY_ID, AUTHORITY_TITLE) VALUES ('1', 'GUEST' );INSERT INTO MOH.ECAPTURE_AUTHORITY(AUTHORITY_ID, AUTHORITY_TITLE) VALUES ('2', 'NORMAL' );INSERT INTO MOH.ECAPTURE_AUTHORITY(AUTHORITY_ID, AUTHORITY_TITLE) VALUES ('3', 'MANAGER' );INSERT INTO MOH.ECAPTURE_AUTHORITY(AUTHORITY_ID, AUTHORITY_TITLE) VALUES ('4', 'ADMIN' );

INSERT INTO MOH.ECAPTURE_PERMISSION(PERMISSION_ID, PERMISSION_TITLE, PERMISSION_PARENT_ID) VALUES ('1', 'View Batches Folder' , '' );INSERT INTO MOH.ECAPTURE_PERMISSION(PERMISSION_ID, PERMISSION_TITLE, PERMISSION_PARENT_ID) VALUES ('2', 'View In Progress' , '1' );INSERT INTO MOH.ECAPTURE_PERMISSION(PERMISSION_ID, PERMISSION_TITLE, PERMISSION_PARENT_ID) VALUES ('3', 'View Need Review' , '1' );INSERT INTO MOH.ECAPTURE_PERMISSION(PERMISSION_ID, PERMISSION_TITLE, PERMISSION_PARENT_ID) VALUES ('4', 'View Suspended' , '1' );INSERT INTO MOH.ECAPTURE_PERMISSION(PERMISSION_ID, PERMISSION_TITLE, PERMISSION_PARENT_ID) VALUES ('5', 'View Rejected' , '1' );INSERT INTO MOH.ECAPTURE_PERMISSION(PERMISSION_ID, PERMISSION_TITLE, PERMISSION_PARENT_ID) VALUES ('6', 'In Progress - Create' , '2' );INSERT INTO MOH.ECAPTURE_PERMISSION(PERMISSION_ID, PERMISSION_TITLE, PERMISSION_PARENT_ID) VALUES ('7', 'In Progress - Edit' , '2' );INSERT INTO MOH.ECAPTURE_PERMISSION(PERMISSION_ID, PERMISSION_TITLE, PERMISSION_PARENT_ID) VALUES ('8', 'In Progress - Delete' , '2' );INSERT INTO MOH.ECAPTURE_PERMISSION(PERMISSION_ID, PERMISSION_TITLE, PERMISSION_PARENT_ID) VALUES ('9', 'Need Review - Create' , '3' );INSERT INTO MOH.ECAPTURE_PERMISSION(PERMISSION_ID, PERMISSION_TITLE, PERMISSION_PARENT_ID) VALUES ('10', 'Need Review - Edit' , '3' );INSERT INTO MOH.ECAPTURE_PERMISSION(PERMISSION_ID, PERMISSION_TITLE, PERMISSION_PARENT_ID) VALUES ('11', 'Need Review - Delete' , '3' );INSERT INTO MOH.ECAPTURE_PERMISSION(PERMISSION_ID, PERMISSION_TITLE, PERMISSION_PARENT_ID) VALUES ('12', 'Suspended - Create' , '4' );INSERT INTO MOH.ECAPTURE_PERMISSION(PERMISSION_ID, PERMISSION_TITLE, PERMISSION_PARENT_ID) VALUES ('13', 'Suspended - Edit' , '4' );INSERT INTO MOH.ECAPTURE_PERMISSION(PERMISSION_ID, PERMISSION_TITLE, PERMISSION_PARENT_ID) VALUES ('14', 'Suspended - Delete' , '4' );INSERT INTO MOH.ECAPTURE_PERMISSION(PERMISSION_ID, PERMISSION_TITLE, PERMISSION_PARENT_ID) VALUES ('15', 'Rejected - Create' , '5' );INSERT INTO MOH.ECAPTURE_PERMISSION(PERMISSION_ID, PERMISSION_TITLE, PERMISSION_PARENT_ID) VALUES ('16', 'Rejected - Edit' , '5' );INSERT INTO MOH.ECAPTURE_PERMISSION(PERMISSION_ID, PERMISSION_TITLE, PERMISSION_PARENT_ID) VALUES ('17', 'Rejected - Delete' , '5' );INSERT INTO MOH.ECAPTURE_PERMISSION(PERMISSION_ID, PERMISSION_TITLE, PERMISSION_PARENT_ID) VALUES ('18', 'Batch - Scan' , '2' );INSERT INTO MOH.ECAPTURE_PERMISSION(PERMISSION_ID, PERMISSION_TITLE, PERMISSION_PARENT_ID) VALUES ('19', 'Batch - Upload' , '2' );INSERT INTO MOH.ECAPTURE_PERMISSION(PERMISSION_ID, PERMISSION_TITLE, PERMISSION_PARENT_ID) VALUES ('20', 'Batch - Upload Directory' , '2' );INSERT INTO MOH.ECAPTURE_PERMISSION(PERMISSION_ID, PERMISSION_TITLE, PERMISSION_PARENT_ID) VALUES ('21', 'Batch - Delete' , '2' );INSERT INTO MOH.ECAPTURE_PERMISSION(PERMISSION_ID, PERMISSION_TITLE, PERMISSION_PARENT_ID) VALUES ('22', 'Batch - Scan' , '3' );INSERT INTO MOH.ECAPTURE_PERMISSION(PERMISSION_ID, PERMISSION_TITLE, PERMISSION_PARENT_ID) VALUES ('23', 'Batch - Upload' , '3' );INSERT INTO MOH.ECAPTURE_PERMISSION(PERMISSION_ID, PERMISSION_TITLE, PERMISSION_PARENT_ID) VALUES ('24', 'Batch - Upload Directory' , '3' );INSERT INTO MOH.ECAPTURE_PERMISSION(PERMISSION_ID, PERMISSION_TITLE, PERMISSION_PARENT_ID) VALUES ('25', 'Batch - Delete' , '3' );INSERT INTO MOH.ECAPTURE_PERMISSION(PERMISSION_ID, PERMISSION_TITLE, PERMISSION_PARENT_ID) VALUES ('26', 'Batch - Scan' , '4' );INSERT INTO MOH.ECAPTURE_PERMISSION(PERMISSION_ID, PERMISSION_TITLE, PERMISSION_PARENT_ID) VALUES ('27', 'Batch - Upload' , '4' );INSERT INTO MOH.ECAPTURE_PERMISSION(PERMISSION_ID, PERMISSION_TITLE, PERMISSION_PARENT_ID) VALUES ('28', 'Batch - Upload Directory' , '4' );INSERT INTO MOH.ECAPTURE_PERMISSION(PERMISSION_ID, PERMISSION_TITLE, PERMISSION_PARENT_ID) VALUES ('29', 'Batch - Delete' , '4' );INSERT INTO MOH.ECAPTURE_PERMISSION(PERMISSION_ID, PERMISSION_TITLE, PERMISSION_PARENT_ID) VALUES ('30', 'Batch - Scan' , '5' );INSERT INTO MOH.ECAPTURE_PERMISSION(PERMISSION_ID, PERMISSION_TITLE, PERMISSION_PARENT_ID) VALUES ('31', 'Batch - Upload' , '5' );INSERT INTO MOH.ECAPTURE_PERMISSION(PERMISSION_ID, PERMISSION_TITLE, PERMISSION_PARENT_ID) VALUES ('32', 'Batch - Upload Directory' , '5' );INSERT INTO MOH.ECAPTURE_PERMISSION(PERMISSION_ID, PERMISSION_TITLE, PERMISSION_PARENT_ID) VALUES ('33', 'Batch - Delete' , '5' );INSERT INTO MOH.ECAPTURE_PERMISSION(PERMISSION_ID, PERMISSION_TITLE, PERMISSION_PARENT_ID) VALUES ('34', 'Document - Modify' , '3' );INSERT INTO MOH.ECAPTURE_PERMISSION(PERMISSION_ID, PERMISSION_TITLE, PERMISSION_PARENT_ID) VALUES ('35', 'Document - Delete' , '3' );INSERT INTO MOH.ECAPTURE_PERMISSION(PERMISSION_ID, PERMISSION_TITLE, PERMISSION_PARENT_ID) VALUES ('36', 'Document - Modify' , '4' );INSERT INTO MOH.ECAPTURE_PERMISSION(PERMISSION_ID, PERMISSION_TITLE, PERMISSION_PARENT_ID) VALUES ('37', 'Document - Delete' , '4' );INSERT INTO MOH.ECAPTURE_PERMISSION(PERMISSION_ID, PERMISSION_TITLE, PERMISSION_PARENT_ID) VALUES ('38', 'Document - Modify' , '5' );INSERT INTO MOH.ECAPTURE_PERMISSION(PERMISSION_ID, PERMISSION_TITLE, PERMISSION_PARENT_ID) VALUES ('39', 'Document - Delete' , '5' );INSERT INTO MOH.ECAPTURE_PERMISSION(PERMISSION_ID, PERMISSION_TITLE, PERMISSION_PARENT_ID) VALUES ('40', 'Document - Modify' , '6' );INSERT INTO MOH.ECAPTURE_PERMISSION(PERMISSION_ID, PERMISSION_TITLE, PERMISSION_PARENT_ID) VALUES ('41', 'Document - Delete' , '6' );INSERT INTO MOH.ECAPTURE_AUTHORITY_PERMISSIONS(AUTHORITY_ID, PERMISSION_ID) VALUES ('2', '1');INSERT INTO MOH.ECAPTURE_AUTHORITY_PERMISSIONS(AUTHORITY_ID, PERMISSION_ID) VALUES ('2', '2');INSERT INTO MOH.ECAPTURE_AUTHORITY_PERMISSIONS(AUTHORITY_ID, PERMISSION_ID) VALUES ('2', '3');INSERT INTO MOH.ECAPTURE_AUTHORITY_PERMISSIONS(AUTHORITY_ID, PERMISSION_ID) VALUES ('2', '4');INSERT INTO MOH.ECAPTURE_AUTHORITY_PERMISSIONS(AUTHORITY_ID, PERMISSION_ID) VALUES ('2', '5');INSERT INTO MOH.ECAPTURE_AUTHORITY_PERMISSIONS(AUTHORITY_ID, PERMISSION_ID) VALUES ('3', '1');INSERT INTO MOH.ECAPTURE_AUTHORITY_PERMISSIONS(AUTHORITY_ID, PERMISSION_ID) VALUES ('4', '1');INSERT INTO MOH.ECAPTURE_GROUP_AUTHORITY(GROUP_ID, AUTHORITY_ID) VALUES ('1', '2');INSERT INTO MOH.ECAPTURE_GROUP_AUTHORITY(GROUP_ID, AUTHORITY_ID) VALUES ('2', '2');INSERT INTO MOH.ECAPTURE_GROUP_AUTHORITY(GROUP_ID, AUTHORITY_ID) VALUES ('3', '2');INSERT INTO MOH.ECAPTURE_GROUP_AUTHORITY(GROUP_ID, AUTHORITY_ID) VALUES ('4', '3');INSERT INTO MOH.ECAPTURE_GROUP_AUTHORITY(GROUP_ID, AUTHORITY_ID) VALUES ('4', '4');


INSERT INTO MOH.ECAPTURE_ACTION_GROUP(ACTION_GROUP_ID, ACTION_GROUP_NAME) VALUES ('1', 'User Operations');
INSERT INTO MOH.ECAPTURE_ACTION_GROUP(ACTION_GROUP_ID, ACTION_GROUP_NAME) VALUES ('2', 'Group Operations');
INSERT INTO MOH.ECAPTURE_ACTION_GROUP(ACTION_GROUP_ID, ACTION_GROUP_NAME) VALUES ('3', 'Batch Operations');
INSERT INTO MOH.ECAPTURE_ACTION_GROUP(ACTION_GROUP_ID, ACTION_GROUP_NAME) VALUES ('4', 'Document Operations');
INSERT INTO MOH.ECAPTURE_ACTION_GROUP(ACTION_GROUP_ID, ACTION_GROUP_NAME) VALUES ('5', 'Folder Operations');
INSERT INTO MOH.ECAPTURE_ACTION_GROUP(ACTION_GROUP_ID, ACTION_GROUP_NAME) VALUES ('6', 'Metadata Class Operations');
INSERT INTO MOH.ECAPTURE_ACTION_GROUP(ACTION_GROUP_ID, ACTION_GROUP_NAME) VALUES ('7', 'Metadata Fields Operations');
INSERT INTO MOH.ECAPTURE_ACTION_GROUP(ACTION_GROUP_ID, ACTION_GROUP_NAME) VALUES ('8', 'Mail Operations');
INSERT INTO MOH.ECAPTURE_ACTION_GROUP(ACTION_GROUP_ID, ACTION_GROUP_NAME) VALUES ('9', 'Role Operations');
INSERT INTO MOH.ECAPTURE_ACTION_GROUP(ACTION_GROUP_ID, ACTION_GROUP_NAME) VALUES ('10', 'Permission Operations');


INSERT INTO MOH.ECAPTURE_ACTION(ACTION_ID, ACTION_NAME, ACTION_GROUP_ID) VALUES ('101', 'Create User', '1');
INSERT INTO MOH.ECAPTURE_ACTION(ACTION_ID, ACTION_NAME, ACTION_GROUP_ID) VALUES ('102', 'Change Password', '1');
INSERT INTO MOH.ECAPTURE_ACTION(ACTION_ID, ACTION_NAME, ACTION_GROUP_ID) VALUES ('103', 'Login', '1');
INSERT INTO MOH.ECAPTURE_ACTION(ACTION_ID, ACTION_NAME, ACTION_GROUP_ID) VALUES ('104', 'Logout', '1');
INSERT INTO MOH.ECAPTURE_ACTION(ACTION_ID, ACTION_NAME, ACTION_GROUP_ID) VALUES ('201', 'Create Group', '2');
INSERT INTO MOH.ECAPTURE_ACTION(ACTION_ID, ACTION_NAME, ACTION_GROUP_ID) VALUES ('202', 'Edit Group', '2');
INSERT INTO MOH.ECAPTURE_ACTION(ACTION_ID, ACTION_NAME, ACTION_GROUP_ID) VALUES ('203', 'Delete Group', '2');
INSERT INTO MOH.ECAPTURE_ACTION(ACTION_ID, ACTION_NAME, ACTION_GROUP_ID) VALUES ('301', 'Create Batch', '3');
INSERT INTO MOH.ECAPTURE_ACTION(ACTION_ID, ACTION_NAME, ACTION_GROUP_ID) VALUES ('302', 'Edit Batch', '3');
INSERT INTO MOH.ECAPTURE_ACTION(ACTION_ID, ACTION_NAME, ACTION_GROUP_ID) VALUES ('303', 'Delete Batch', '3');
INSERT INTO MOH.ECAPTURE_ACTION(ACTION_ID, ACTION_NAME, ACTION_GROUP_ID) VALUES ('401', 'Create Document', '4');
INSERT INTO MOH.ECAPTURE_ACTION(ACTION_ID, ACTION_NAME, ACTION_GROUP_ID) VALUES ('402', 'Edit Document', '4');
INSERT INTO MOH.ECAPTURE_ACTION(ACTION_ID, ACTION_NAME, ACTION_GROUP_ID) VALUES ('403', 'Delete Document', '4');
INSERT INTO MOH.ECAPTURE_ACTION(ACTION_ID, ACTION_NAME, ACTION_GROUP_ID) VALUES ('501', 'Create Folder', '5');
INSERT INTO MOH.ECAPTURE_ACTION(ACTION_ID, ACTION_NAME, ACTION_GROUP_ID) VALUES ('502', 'Edit Folder', '5');
INSERT INTO MOH.ECAPTURE_ACTION(ACTION_ID, ACTION_NAME, ACTION_GROUP_ID) VALUES ('503', 'Delete Folder', '5');
INSERT INTO MOH.ECAPTURE_ACTION(ACTION_ID, ACTION_NAME, ACTION_GROUP_ID) VALUES ('601', 'Create Metadata Class', '6');
INSERT INTO MOH.ECAPTURE_ACTION(ACTION_ID, ACTION_NAME, ACTION_GROUP_ID) VALUES ('602', 'Edit Metadata Class', '6');
INSERT INTO MOH.ECAPTURE_ACTION(ACTION_ID, ACTION_NAME, ACTION_GROUP_ID) VALUES ('603', 'Delete Metadata Class', '6');
INSERT INTO MOH.ECAPTURE_ACTION(ACTION_ID, ACTION_NAME, ACTION_GROUP_ID) VALUES ('701', 'Create Metadata Field', '7');
INSERT INTO MOH.ECAPTURE_ACTION(ACTION_ID, ACTION_NAME, ACTION_GROUP_ID) VALUES ('702', 'Edit Metadata Field', '7');
INSERT INTO MOH.ECAPTURE_ACTION(ACTION_ID, ACTION_NAME, ACTION_GROUP_ID) VALUES ('703', 'Delete Metadata Field', '7');
INSERT INTO MOH.ECAPTURE_ACTION(ACTION_ID, ACTION_NAME, ACTION_GROUP_ID) VALUES ('801', 'Send Mail', '8');
INSERT INTO MOH.ECAPTURE_ACTION(ACTION_ID, ACTION_NAME, ACTION_GROUP_ID) VALUES ('901', 'Create Role', '9');
INSERT INTO MOH.ECAPTURE_ACTION(ACTION_ID, ACTION_NAME, ACTION_GROUP_ID) VALUES ('902', 'Edit Role', '9');
INSERT INTO MOH.ECAPTURE_ACTION(ACTION_ID, ACTION_NAME, ACTION_GROUP_ID) VALUES ('903', 'Delete Role', '9');
INSERT INTO MOH.ECAPTURE_ACTION(ACTION_ID, ACTION_NAME, ACTION_GROUP_ID) VALUES ('904', 'Add Permisson Into Role', '9');
INSERT INTO MOH.ECAPTURE_ACTION(ACTION_ID, ACTION_NAME, ACTION_GROUP_ID) VALUES ('905', 'Delete Permission Into Role', '9');
INSERT INTO MOH.ECAPTURE_ACTION(ACTION_ID, ACTION_NAME, ACTION_GROUP_ID) VALUES ('1001', 'Create Permission', '10');
INSERT INTO MOH.ECAPTURE_ACTION(ACTION_ID, ACTION_NAME, ACTION_GROUP_ID) VALUES ('1002', 'Edit Permission', '10');
INSERT INTO MOH.ECAPTURE_ACTION(ACTION_ID, ACTION_NAME, ACTION_GROUP_ID) VALUES ('1003', 'Delete Permission', '10');


INSERT INTO MOH.ECAPTURE_DATACLASS(DATACLASS_ID, DATACLASS_NAME, DATACLASS_USEDFOR, DATACLASS_FIELD_COUNT, DATACLASS_CREATE_DATETIME, DATACLASS_CREATED_BY) VALUES('1', 'Employee File', 'F', '1', TO_DATE('24-11-2017 08:06:41', 'dd-mm-yyyy hh24:mi:ss'), '1');
INSERT INTO MOH.ECAPTURE_DATACLASS(DATACLASS_ID, DATACLASS_NAME, DATACLASS_USEDFOR, DATACLASS_FIELD_COUNT, DATACLASS_CREATE_DATETIME, DATACLASS_CREATED_BY) VALUES('2', 'Employees Record', 'F', '5', TO_DATE('25-11-2017 10:29:15', 'dd-mm-yyyy hh24:mi:ss'), '1');
INSERT INTO MOH.ECAPTURE_DATACLASS(DATACLASS_ID, DATACLASS_NAME, DATACLASS_USEDFOR, DATACLASS_FIELD_COUNT, DATACLASS_CREATE_DATETIME, DATACLASS_CREATED_BY) VALUES('3', 'Post', 'D', '7', TO_DATE('26-11-2017 14:16:08', 'dd-mm-yyyy hh24:mi:ss'), '9');
INSERT INTO MOH.ECAPTURE_DATACLASS(DATACLASS_ID, DATACLASS_NAME, DATACLASS_USEDFOR, DATACLASS_FIELD_COUNT, DATACLASS_CREATE_DATETIME, DATACLASS_CREATED_BY) VALUES('4', 'Inmail', 'D', '4', TO_DATE('27-11-2017 15:18:00', 'dd-mm-yyyy hh24:mi:ss'), '8');


INSERT INTO MOH.ECAPTURE_FIELD(FIELD_ID, FIELD_NAME, FIELD_ORDER, DATACLASS_ID) VALUES ('1', 'Employee No', '1', '1');
INSERT INTO MOH.ECAPTURE_FIELD(FIELD_ID, FIELD_NAME, FIELD_ORDER, DATACLASS_ID) VALUES ('2', 'Name', '1', '2');
INSERT INTO MOH.ECAPTURE_FIELD(FIELD_ID, FIELD_NAME, FIELD_ORDER, DATACLASS_ID) VALUES ('3', 'Hire Date', '2', '2');
INSERT INTO MOH.ECAPTURE_FIELD(FIELD_ID, FIELD_NAME, FIELD_ORDER, DATACLASS_ID) VALUES ('4', 'Salary', '3', '2');
INSERT INTO MOH.ECAPTURE_FIELD(FIELD_ID, FIELD_NAME, FIELD_ORDER, DATACLASS_ID) VALUES ('5', 'Number', '4', '2');
INSERT INTO MOH.ECAPTURE_FIELD(FIELD_ID, FIELD_NAME, FIELD_ORDER, DATACLASS_ID) VALUES ('6', 'Date', '5', '2');
INSERT INTO MOH.ECAPTURE_FIELD(FIELD_ID, FIELD_NAME, FIELD_ORDER, DATACLASS_ID) VALUES ('7', 'Book No', '1', '3');
INSERT INTO MOH.ECAPTURE_FIELD(FIELD_ID, FIELD_NAME, FIELD_ORDER, DATACLASS_ID) VALUES ('8', 'Subject', '2', '3');
INSERT INTO MOH.ECAPTURE_FIELD(FIELD_ID, FIELD_NAME, FIELD_ORDER, DATACLASS_ID) VALUES ('9', 'Date', '3', '3');
INSERT INTO MOH.ECAPTURE_FIELD(FIELD_ID, FIELD_NAME, FIELD_ORDER, DATACLASS_ID) VALUES ('10', 'Book Type', '4', '3');
INSERT INTO MOH.ECAPTURE_FIELD(FIELD_ID, FIELD_NAME, FIELD_ORDER, DATACLASS_ID) VALUES ('11', 'Directorate', '5', '3');
INSERT INTO MOH.ECAPTURE_FIELD(FIELD_ID, FIELD_NAME, FIELD_ORDER, DATACLASS_ID) VALUES ('12', 'Organization', '6', '3');
INSERT INTO MOH.ECAPTURE_FIELD(FIELD_ID, FIELD_NAME, FIELD_ORDER, DATACLASS_ID) VALUES ('13', 'Confidentiality', '7', '3');
INSERT INTO MOH.ECAPTURE_FIELD(FIELD_ID, FIELD_NAME, FIELD_ORDER, DATACLASS_ID) VALUES ('14', 'ID', '1', '4');
INSERT INTO MOH.ECAPTURE_FIELD(FIELD_ID, FIELD_NAME, FIELD_ORDER, DATACLASS_ID) VALUES ('15', 'Sub', '2', '4');
INSERT INTO MOH.ECAPTURE_FIELD(FIELD_ID, FIELD_NAME, FIELD_ORDER, DATACLASS_ID) VALUES ('16', 'Test', '3', '4');
INSERT INTO MOH.ECAPTURE_FIELD(FIELD_ID, FIELD_NAME, FIELD_ORDER, DATACLASS_ID) VALUES ('17', 'ERB', '4', '4');


INSERT INTO MOH.ECAPTURE_BATCH(BATCH_ID, BATCH_NAME, BATCH_CREATE_DATETIME, BATCH_CREATED_BY, DATACLASS_ID) VALUES ('72', 'Employee Folder', TO_DATE('24-11-2017 08:06:41', 'dd-mm-yyyy hh24:mi:ss'), '1', '1');
INSERT INTO MOH.ECAPTURE_BATCH(BATCH_ID, BATCH_NAME, BATCH_CREATE_DATETIME, BATCH_CREATED_BY, DATACLASS_ID) VALUES ('71', 'Employee Folder', TO_DATE('25-11-2017 10:29:15', 'dd-mm-yyyy hh24:mi:ss'), '1', '1');
INSERT INTO MOH.ECAPTURE_BATCH(BATCH_ID, BATCH_NAME, BATCH_CREATE_DATETIME, BATCH_CREATED_BY, DATACLASS_ID) VALUES ('67', 'Employee Folder', TO_DATE('26-11-2017 14:16:08', 'dd-mm-yyyy hh24:mi:ss'), '9', '1');
INSERT INTO MOH.ECAPTURE_BATCH(BATCH_ID, BATCH_NAME, BATCH_CREATE_DATETIME, BATCH_CREATED_BY, DATACLASS_ID) VALUES ('62', 'Employee Record', TO_DATE('27-11-2017 15:18:00', 'dd-mm-yyyy hh24:mi:ss'), '8', '2');


INSERT INTO MOH.ECAPTURE_DOCUMENT(DOCUMENT_ID, DOCUMENT_NAME, DOCUMENT_EXTENSION, DOCUMENT_CREATE_DATETIME, DOCUMENT_CREATED_BY, BATCH_ID) VALUES ('1', 'Document 1', 'tif', TO_DATE('24-11-2017 08:06:41', 'dd-mm-yyyy hh24:mi:ss'), '1', '72');
INSERT INTO MOH.ECAPTURE_DOCUMENT(DOCUMENT_ID, DOCUMENT_NAME, DOCUMENT_EXTENSION, DOCUMENT_CREATE_DATETIME, DOCUMENT_CREATED_BY, BATCH_ID) VALUES ('2', 'Document 2', 'tif', TO_DATE('24-11-2017 08:06:41', 'dd-mm-yyyy hh24:mi:ss'), '1', '72');
INSERT INTO MOH.ECAPTURE_DOCUMENT(DOCUMENT_ID, DOCUMENT_NAME, DOCUMENT_EXTENSION, DOCUMENT_CREATE_DATETIME, DOCUMENT_CREATED_BY, BATCH_ID) VALUES ('3', 'Document 3', 'tif', TO_DATE('24-11-2017 08:06:41', 'dd-mm-yyyy hh24:mi:ss'), '1', '72');
INSERT INTO MOH.ECAPTURE_DOCUMENT(DOCUMENT_ID, DOCUMENT_NAME, DOCUMENT_EXTENSION, DOCUMENT_CREATE_DATETIME, DOCUMENT_CREATED_BY, BATCH_ID) VALUES ('4', 'Document 4', 'tif', TO_DATE('24-11-2017 08:06:41', 'dd-mm-yyyy hh24:mi:ss'), '1', '72');
INSERT INTO MOH.ECAPTURE_DOCUMENT(DOCUMENT_ID, DOCUMENT_NAME, DOCUMENT_EXTENSION, DOCUMENT_CREATE_DATETIME, DOCUMENT_CREATED_BY, BATCH_ID) VALUES ('5', 'Document 1', 'tif', TO_DATE('25-11-2017 10:29:15', 'dd-mm-yyyy hh24:mi:ss'), '2', '71');
INSERT INTO MOH.ECAPTURE_DOCUMENT(DOCUMENT_ID, DOCUMENT_NAME, DOCUMENT_EXTENSION, DOCUMENT_CREATE_DATETIME, DOCUMENT_CREATED_BY, BATCH_ID) VALUES ('6', 'Document 2', 'jpeg', TO_DATE('25-11-2017 10:29:15', 'dd-mm-yyyy hh24:mi:ss'), '2', '71');
INSERT INTO MOH.ECAPTURE_DOCUMENT(DOCUMENT_ID, DOCUMENT_NAME, DOCUMENT_EXTENSION, DOCUMENT_CREATE_DATETIME, DOCUMENT_CREATED_BY, BATCH_ID) VALUES ('7', 'Document 1', 'jpeg', TO_DATE('26-11-2017 14:16:08', 'dd-mm-yyyy hh24:mi:ss'), '9', '67');
INSERT INTO MOH.ECAPTURE_DOCUMENT(DOCUMENT_ID, DOCUMENT_NAME, DOCUMENT_EXTENSION, DOCUMENT_CREATE_DATETIME, DOCUMENT_CREATED_BY, BATCH_ID) VALUES ('8', 'Document 2', 'jpeg', TO_DATE('26-11-2017 14:16:08', 'dd-mm-yyyy hh24:mi:ss'), '9', '67');
INSERT INTO MOH.ECAPTURE_DOCUMENT(DOCUMENT_ID, DOCUMENT_NAME, DOCUMENT_EXTENSION, DOCUMENT_CREATE_DATETIME, DOCUMENT_CREATED_BY, BATCH_ID) VALUES ('9', 'Document 1', 'tif', TO_DATE('27-11-2017 15:18:00', 'dd-mm-yyyy hh24:mi:ss'), '8', '62');
INSERT INTO MOH.ECAPTURE_DOCUMENT(DOCUMENT_ID, DOCUMENT_NAME, DOCUMENT_EXTENSION, DOCUMENT_CREATE_DATETIME, DOCUMENT_CREATED_BY, BATCH_ID) VALUES ('10', 'Document 2', 'tif', TO_DATE('27-11-2017 15:18:00', 'dd-mm-yyyy hh24:mi:ss'), '8', '62');
INSERT INTO MOH.ECAPTURE_DOCUMENT(DOCUMENT_ID, DOCUMENT_NAME, DOCUMENT_EXTENSION, DOCUMENT_CREATE_DATETIME, DOCUMENT_CREATED_BY, BATCH_ID) VALUES ('11', 'Document 3', 'tif', TO_DATE('27-11-2017 15:18:00', 'dd-mm-yyyy hh24:mi:ss'), '8', '62');


INSERT INTO MOH.ECAPTURE_DOCUMENT_FIELD(SOURCE_ID, DATACLASS_ID, DATACLASS_FIELD1, DATACLASS_FIELD2, DATACLASS_FIELD3, DATACLASS_FIELD4, DATACLASS_FIELD5, DATACLASS_FIELD6, DATACLASS_FIELD7) VALUES ('1', '1', '1023', '', '', '', '', '', '');
INSERT INTO MOH.ECAPTURE_DOCUMENT_FIELD(SOURCE_ID, DATACLASS_ID, DATACLASS_FIELD1, DATACLASS_FIELD2, DATACLASS_FIELD3, DATACLASS_FIELD4, DATACLASS_FIELD5, DATACLASS_FIELD6, DATACLASS_FIELD7) VALUES ('2', '1', '102', '', '', '', '', '', '');
INSERT INTO MOH.ECAPTURE_DOCUMENT_FIELD(SOURCE_ID, DATACLASS_ID, DATACLASS_FIELD1, DATACLASS_FIELD2, DATACLASS_FIELD3, DATACLASS_FIELD4, DATACLASS_FIELD5, DATACLASS_FIELD6, DATACLASS_FIELD7) VALUES ('3', '1', '1002', '', '', '', '', '', '');
INSERT INTO MOH.ECAPTURE_DOCUMENT_FIELD(SOURCE_ID, DATACLASS_ID, DATACLASS_FIELD1, DATACLASS_FIELD2, DATACLASS_FIELD3, DATACLASS_FIELD4, DATACLASS_FIELD5, DATACLASS_FIELD6, DATACLASS_FIELD7) VALUES ('4', '1', '532', '', '', '', '', '', '');
INSERT INTO MOH.ECAPTURE_DOCUMENT_FIELD(SOURCE_ID, DATACLASS_ID, DATACLASS_FIELD1, DATACLASS_FIELD2, DATACLASS_FIELD3, DATACLASS_FIELD4, DATACLASS_FIELD5, DATACLASS_FIELD6, DATACLASS_FIELD7) VALUES ('5', '1', '124', '', '', '', '', '', '');
INSERT INTO MOH.ECAPTURE_DOCUMENT_FIELD(SOURCE_ID, DATACLASS_ID, DATACLASS_FIELD1, DATACLASS_FIELD2, DATACLASS_FIELD3, DATACLASS_FIELD4, DATACLASS_FIELD5, DATACLASS_FIELD6, DATACLASS_FIELD7) VALUES ('6', '1', '524', '', '', '', '', '', '');
INSERT INTO MOH.ECAPTURE_DOCUMENT_FIELD(SOURCE_ID, DATACLASS_ID, DATACLASS_FIELD1, DATACLASS_FIELD2, DATACLASS_FIELD3, DATACLASS_FIELD4, DATACLASS_FIELD5, DATACLASS_FIELD6, DATACLASS_FIELD7) VALUES ('7', '1', '66', '', '', '', '', '', '');
INSERT INTO MOH.ECAPTURE_DOCUMENT_FIELD(SOURCE_ID, DATACLASS_ID, DATACLASS_FIELD1, DATACLASS_FIELD2, DATACLASS_FIELD3, DATACLASS_FIELD4, DATACLASS_FIELD5, DATACLASS_FIELD6, DATACLASS_FIELD7) VALUES ('8', '1', '12', '', '', '', '', '', '');
INSERT INTO MOH.ECAPTURE_DOCUMENT_FIELD(SOURCE_ID, DATACLASS_ID, DATACLASS_FIELD1, DATACLASS_FIELD2, DATACLASS_FIELD3, DATACLASS_FIELD4, DATACLASS_FIELD5, DATACLASS_FIELD6, DATACLASS_FIELD7) VALUES ('9', '2', 'Mohamamd', TO_DATE('02-12-2016 08:06:41', 'dd-mm-yyyy hh24:mi:ss'), '100', '600', TO_DATE('01-01-2017', 'dd-mm-yyyy'), 'it2', '');
INSERT INTO MOH.ECAPTURE_DOCUMENT_FIELD(SOURCE_ID, DATACLASS_ID, DATACLASS_FIELD1, DATACLASS_FIELD2, DATACLASS_FIELD3, DATACLASS_FIELD4, DATACLASS_FIELD5, DATACLASS_FIELD6, DATACLASS_FIELD7) VALUES ('10', '2', 'Ali', TO_DATE('12-01-2016 08:06:41', 'dd-mm-yyyy hh24:mi:ss'), '200', '601', TO_DATE('31-01-2016', 'dd-mm-yyyy'), 'hr2', '');
INSERT INTO MOH.ECAPTURE_DOCUMENT_FIELD(SOURCE_ID, DATACLASS_ID, DATACLASS_FIELD1, DATACLASS_FIELD2, DATACLASS_FIELD3, DATACLASS_FIELD4, DATACLASS_FIELD5, DATACLASS_FIELD6, DATACLASS_FIELD7) VALUES ('11', '2', 'Abu-Odeh', TO_DATE('22-05-2016 08:06:41', 'dd-mm-yyyy hh24:mi:ss'), '300', '602', TO_DATE('28-03-2017', 'dd-mm-yyyy'), 'fnc2', '');


INSERT INTO MOH.ECAPTURE_FOLDER(FOLDER_ID, FOLDER_NAME, FOLDER_CREATE_DATETIME, DATACLASS_ID, FOLDER_CREATED_BY) VALUES ('1', 'Employees', TO_DATE('24-11-2017 08:06:41', 'dd-mm-yyyy hh24:mi:ss'), '1', '1');
INSERT INTO MOH.ECAPTURE_FOLDER(FOLDER_ID, FOLDER_NAME, FOLDER_CREATE_DATETIME, DATACLASS_ID, FOLDER_CREATED_BY) VALUES ('2', 'HR Attendance', TO_DATE('25-11-2017 10:29:15', 'dd-mm-yyyy hh24:mi:ss'), '1', '4');
INSERT INTO MOH.ECAPTURE_FOLDER(FOLDER_ID, FOLDER_NAME, FOLDER_CREATE_DATETIME, DATACLASS_ID, FOLDER_CREATED_BY) VALUES ('3', 'HR Payroll', TO_DATE('26-11-2017 14:16:08', 'dd-mm-yyyy hh24:mi:ss'), '2', '8');
INSERT INTO MOH.ECAPTURE_FOLDER(FOLDER_ID, FOLDER_NAME, FOLDER_CREATE_DATETIME, DATACLASS_ID, FOLDER_CREATED_BY) VALUES ('4', 'Finance', TO_DATE('27-11-2017 15:18:00', 'dd-mm-yyyy hh24:mi:ss'), '2', '9');


INSERT INTO MOH.ECAPTURE_LOOKUP(LOOKUP_ID, LOOKUP_PARENT_ID, LOOKUP_NAME) VALUES ('100', '', 'Departments');
INSERT INTO MOH.ECAPTURE_LOOKUP(LOOKUP_ID, LOOKUP_PARENT_ID, LOOKUP_NAME) VALUES ('200', '', 'Folder Types');
INSERT INTO MOH.ECAPTURE_LOOKUP(LOOKUP_ID, LOOKUP_PARENT_ID, LOOKUP_NAME) VALUES ('300', '', 'Identifications');
INSERT INTO MOH.ECAPTURE_LOOKUP(LOOKUP_ID, LOOKUP_PARENT_ID, LOOKUP_NAME) VALUES ('400', '', 'Branches');
INSERT INTO MOH.ECAPTURE_LOOKUP(LOOKUP_ID, LOOKUP_PARENT_ID, LOOKUP_NAME) VALUES ('101', '100', 'IT Department');
INSERT INTO MOH.ECAPTURE_LOOKUP(LOOKUP_ID, LOOKUP_PARENT_ID, LOOKUP_NAME) VALUES ('102', '100', 'Finance Department');
INSERT INTO MOH.ECAPTURE_LOOKUP(LOOKUP_ID, LOOKUP_PARENT_ID, LOOKUP_NAME) VALUES ('103', '100', 'HR Department');
INSERT INTO MOH.ECAPTURE_LOOKUP(LOOKUP_ID, LOOKUP_PARENT_ID, LOOKUP_NAME) VALUES ('104', '100', 'Implementation Department');
INSERT INTO MOH.ECAPTURE_LOOKUP(LOOKUP_ID, LOOKUP_PARENT_ID, LOOKUP_NAME) VALUES ('201', '200', 'Leaves');
INSERT INTO MOH.ECAPTURE_LOOKUP(LOOKUP_ID, LOOKUP_PARENT_ID, LOOKUP_NAME) VALUES ('202', '200', 'Training');
INSERT INTO MOH.ECAPTURE_LOOKUP(LOOKUP_ID, LOOKUP_PARENT_ID, LOOKUP_NAME) VALUES ('203', '200', 'Bounses');
INSERT INTO MOH.ECAPTURE_LOOKUP(LOOKUP_ID, LOOKUP_PARENT_ID, LOOKUP_NAME) VALUES ('301', '300', 'Passport');
INSERT INTO MOH.ECAPTURE_LOOKUP(LOOKUP_ID, LOOKUP_PARENT_ID, LOOKUP_NAME) VALUES ('302', '300', 'Personal Identify');
INSERT INTO MOH.ECAPTURE_LOOKUP(LOOKUP_ID, LOOKUP_PARENT_ID, LOOKUP_NAME) VALUES ('401', '400', 'Amman Branch');
INSERT INTO MOH.ECAPTURE_LOOKUP(LOOKUP_ID, LOOKUP_PARENT_ID, LOOKUP_NAME) VALUES ('402', '400', 'Aqaba Branch');
